iso,elapsed_s,busy,ring_gb,card_pct,card_free_gb,temp_c,load1,throttled
2026-09-08T21:23:31+00:00,0.0,True,3.32,11.34,104.2,52.1,0.00,0xe0000
2026-09-08T21:24:32+00:00,60.2,True,3.49,11.47,104.0,53.2,0.06,0xe0000
2026-09-08T21:25:32+00:00,120.4,True,3.66,11.61,103.8,53.2,0.02,0xe0000
2026-09-08T21:26:32+00:00,180.6,True,3.83,11.75,103.7,53.8,0.01,0xe0000
2026-09-08T21:27:32+00:00,240.8,True,4.00,11.89,103.5,53.8,0.13,0xe0000
2026-09-08T21:28:32+00:00,301.0,True,4.18,12.03,103.3,53.2,0.34,0xe0000
2026-09-08T21:29:33+00:00,361.1,True,4.35,12.17,103.1,53.2,0.19,0xe0000
2026-09-08T21:30:33+00:00,421.3,True,4.52,12.31,103.0,55.4,0.07,0xe0000
2026-09-08T21:31:33+00:00,481.5,True,4.69,12.45,102.8,55.4,0.08,0xe0000
2026-09-08T21:32:33+00:00,541.7,True,4.86,12.59,102.6,54.3,0.06,0xe0000
2026-09-08T21:33:33+00:00,601.9,True,5.04,12.73,102.5,55.4,0.09,0xe0000
2026-09-08T21:34:33+00:00,662.1,True,5.21,12.87,102.3,56.5,0.09,0xe0000
2026-09-08T21:35:34+00:00,722.3,True,5.38,13.01,102.1,53.8,0.18,0xe0000
2026-09-08T21:36:34+00:00,782.5,True,5.55,13.15,101.9,54.3,0.11,0xe0000
2026-09-08T21:37:34+00:00,842.6,True,5.73,13.29,101.8,55.4,0.11,0xe0000
2026-09-08T21:38:34+00:00,902.8,True,5.90,13.43,101.6,54.3,0.32,0xe0000
2026-09-08T21:39:34+00:00,963.0,True,6.07,13.57,101.4,54.9,0.11,0xe0000
2026-09-08T21:40:35+00:00,1023.2,True,6.25,13.71,101.2,55.4,0.23,0xe0000
2026-09-08T21:41:35+00:00,1083.4,True,6.42,13.85,101.1,56.0,0.22,0xe0000
2026-09-08T21:42:35+00:00,1143.6,True,6.59,13.99,100.9,55.4,0.08,0xe0000
2026-09-08T21:43:35+00:00,1203.7,True,6.77,14.13,100.7,54.3,0.03,0xe0000
2026-09-08T21:44:35+00:00,1263.9,True,6.94,14.28,100.5,54.3,0.17,0xe0000
2026-09-08T21:45:36+00:00,1324.1,True,7.12,14.42,100.4,56.0,0.06,0xe0000
2026-09-08T21:46:36+00:00,1384.3,True,7.30,14.56,100.2,54.3,0.16,0xe0000
2026-09-08T21:47:36+00:00,1444.5,True,7.47,14.71,100.0,54.9,0.16,0xe0000
2026-09-08T21:48:36+00:00,1504.7,True,7.65,14.85,99.8,54.9,0.15,0xe0000
2026-09-08T21:49:36+00:00,1564.9,True,7.82,14.99,99.7,54.3,0.12,0xe0000
2026-09-08T21:50:36+00:00,1625.1,True,7.99,15.13,99.5,55.4,0.16,0xe0000
2026-09-08T21:51:37+00:00,1685.3,True,8.16,15.27,99.3,54.9,0.19,0xe0000
2026-09-08T21:52:37+00:00,1745.4,True,8.33,15.41,99.2,56.0,0.12,0xe0000
2026-09-08T21:53:37+00:00,1805.6,True,8.50,15.54,99.0,54.3,0.22,0xe0000
2026-09-08T21:54:37+00:00,1865.8,True,8.67,15.68,98.8,56.5,0.08,0xe0000
2026-09-08T21:55:37+00:00,1926.0,True,8.84,15.82,98.6,54.9,0.07,0xe0000
2026-09-08T21:56:38+00:00,1986.2,True,9.01,15.96,98.5,56.0,0.02,0xe0000
2026-09-08T21:57:38+00:00,2046.4,True,9.18,16.1,98.3,56.0,0.01,0xe0000
2026-09-08T21:58:38+00:00,2106.6,True,9.35,16.24,98.1,55.4,0.10,0xe0000
2026-09-08T21:59:38+00:00,2166.8,True,9.52,16.37,98.0,55.4,0.19,0xe0000
2026-09-08T22:00:38+00:00,2227.0,True,9.70,16.51,97.8,56.0,0.07,0xe0000
2026-09-08T22:01:39+00:00,2287.2,True,9.87,16.65,97.6,55.4,0.11,0xe0000
2026-09-08T22:02:39+00:00,2347.3,True,10.03,16.79,97.5,54.9,0.24,0xe0000
2026-09-08T22:03:39+00:00,2407.5,True,10.21,16.93,97.3,54.9,0.40,0xe0000
2026-09-08T22:04:39+00:00,2467.7,True,10.37,17.06,97.1,56.0,0.28,0xe0000
2026-09-08T22:05:39+00:00,2527.9,True,10.55,17.2,96.9,55.4,0.31,0xe0000
2026-09-08T22:06:39+00:00,2588.1,True,10.71,17.34,96.8,54.9,0.11,0xe0000
2026-09-08T22:07:40+00:00,2648.3,True,10.89,17.48,96.6,56.5,0.26,0xe0000
2026-09-08T22:08:40+00:00,2708.5,True,11.05,17.61,96.4,64.8,0.33,0xe0000
2026-09-08T22:09:40+00:00,2768.8,True,11.18,17.72,96.3,85.1,4.34,0xe0006
2026-09-08T22:10:41+00:00,2829.1,True,11.30,17.82,96.2,85.6,4.89,0xe0006
2026-09-08T22:11:41+00:00,2889.4,True,11.42,17.91,96.1,84.0,4.81,0xe0006
2026-09-08T22:12:41+00:00,2949.7,True,11.54,18.01,96.0,86.7,5.31,0xe0006
2026-09-08T22:13:42+00:00,3010.0,True,11.65,18.1,95.8,85.1,4.92,0xe0008
2026-09-08T22:14:42+00:00,3070.4,True,11.75,18.18,95.7,86.2,5.23,0xe0008
2026-09-08T22:15:42+00:00,3130.8,True,11.84,18.25,95.6,86.7,5.71,0xe0006
2026-09-08T22:16:43+00:00,3191.1,True,11.94,18.33,95.6,86.7,5.77,0xe0006
2026-09-08T22:17:43+00:00,3251.5,True,12.04,18.42,95.4,85.1,5.44,0xe0006
2026-09-08T22:18:43+00:00,3311.9,True,12.23,18.57,95.3,86.7,5.29,0xe0008
2026-09-08T22:19:44+00:00,0,False,12.28,18.61,95.2,70.3,2.61,0xe0000
